,Names
0,https://www.mi.comhttps://www.mi.com/in/product/redmi-smart-fire-tv-4k-series/
1,https://www.mi.comhttps://www.mi.com/in/product/redmi-smart-fire-tv-32-2024/
2,https://www.mi.comhttps://www.mi.com/in/product/redmi-smart-fire-tv-4k-43/
3,https://www.mi.comhttps://www.mi.com/in/redmi-smart-tv/
4,https://www.mi.comhttps://www.mi.com/in/redmi-smart-tv/
5,https://www.mi.comhttps://www.mi.com/in/product/redmi-smart-tv-32-fire-tv/
6,https://www.mi.comhttps://www.mi.com/in/product/redmi-smart-tv-43/
7,https://www.mi.comhttps://www.mi.com/in/product/redmi-smart-tv-32/
8,https://www.mi.comhttps://www.mi.com/in/redmi-smart-tv/
9,https://www.mi.comhttps://www.mi.com/in/product/redmi-smart-tv-43/
